desc,pool,IS_n_assets,IS_ok,IS_n_eff,IS_combined_p_naive,IS_trades,IS_trades_per_asset,IS_edge_med,IS_edge_pos,IS_pf_med,IS_win_med,IS_sig_frac,IS_combined_z,IS_combined_p,IS_edge_pos_crypto,IS_edge_pos_equity,IS_edge_pos_cfx,OOS_n_assets,OOS_ok,OOS_n_eff,OOS_combined_p_naive,OOS_trades,OOS_trades_per_asset,OOS_edge_med,OOS_edge_pos,OOS_pf_med,OOS_win_med,OOS_sig_frac,OOS_combined_z,OOS_combined_p,OOS_edge_pos_crypto,OOS_edge_pos_equity,OOS_edge_pos_cfx
lower[t-3]<=0.5 & gap[t-1]>=0.0 & gap[t-2]<=-0.2 & close<prev_low,open,15,True,2.7566249222474557,3.4357725619621155e-05,749,48.0,0.0041020121926964685,1.0,1.806669512813855,0.5652173913043478,0.26666666666666666,1.7064815275740972,0.04395923136968575,,1.0,1.0,16,True,2.4942523204111056,0.0001168180711880373,753,39.0,0.00430418176575181,0.6875,1.6361721522105166,0.542486231313926,0.3125,1.4528011139329298,0.07313949129779702,0.0,0.7777777777777778,0.6666666666666666
clspos[t-1]<=0.5 & clspos[t-3]<=0.5 & gap[t-3]<=-0.2 & close<prev_low,open,15,True,2.478847028497988,0.00030228558635299785,428,25.0,0.004584660379129574,1.0,1.4753385517472952,0.5757575757575758,0.2,1.3941742165243636,0.08163250095446162,,1.0,1.0,15,True,3.04682334685811,0.0017389363817138345,531,29.0,0.005636965736702926,0.7333333333333333,1.5549034979400207,0.5517241379310345,0.2,1.316918161551981,0.09393302903561845,,0.7777777777777778,0.6666666666666666
lower[t-2]>=0.2 & rngrank[t-1]<=0.5 & rngrank[t-2]>=0.8 & close<prev_low,open,21,True,7.75550419942906,2.403007202585577e-05,230,9.0,0.007770261270931428,0.9523809523809523,1.7532493651341223,0.5454545454545454,0.09523809523809523,2.470253733401888,0.006750862358929845,0.9,1.0,1.0,24,True,13.250192448186798,0.051212157550647563,265,10.0,0.006147121493440383,0.6666666666666666,1.692462291679623,0.5,0.08333333333333333,1.2135234229684553,0.11246488233576651,0.45454545454545453,1.0,0.6
body[t-3]<=0.5 & opnpos[t-1]<=0.7 & chg[t-3]>=0.5 & close<prev_low,open,20,True,8.929401565919038,2.2837228496873967e-05,434,17.5,0.00760911805276095,0.95,1.7679506058942347,0.5726495726495726,0.15,2.7240030917132536,0.003224795136411256,0.8,1.0,1.0,25,True,9.595067379056434,0.031691825269845944,473,15.0,0.00396730631986008,0.68,1.0199385202861155,0.46875,0.12,1.1501296058051667,0.12504524709027354,0.8,0.5555555555555556,0.6666666666666666
lower[t-2]<=0.5 & rngrank[t-1]<=0.8 & gap[t-3]<=-0.2 & close<prev_low,strict,16,True,3.141303873747405,0.00019107820157799585,936,50.0,0.0037670497899441836,1.0,1.5252461653541642,0.551984126984127,0.125,1.573915010427858,0.05775354960888969,1.0,1.0,1.0,17,True,4.344849965251479,0.012963292290250878,1251,68.0,0.002338978286115967,0.8235294117647058,1.4128570188605711,0.5217391304347826,0.058823529411764705,1.1260133364742693,0.13007993717452931,1.0,0.7777777777777778,0.8333333333333334
body[t-2]>=0.3 & gap[t-1]>=0.0 & gap[t-2]<=-0.2 & close<prev_low,open,15,True,3.8493716914673533,5.9805833336149355e-05,602,35.0,0.006021888208165894,1.0,1.6949003904433897,0.5625,0.13333333333333333,1.9487787144434006,0.025660928391722578,,1.0,1.0,16,True,2.9299672572538116,0.004647795195167164,614,32.0,0.0032893448454571848,0.625,1.6029914220634702,0.5580778301886793,0.1875,1.1130370433461767,0.1328462601864972,0.0,0.7777777777777778,0.5
upper[t-1]>=0.35 & rngrank[t-1]>=0.3 & chg[t-1]>=-0.5 & close<prev_low,strict,30,True,3.571650195283643,1.7221748731925702e-08,1533,50.0,0.006323302443787561,0.9666666666666667,1.3391422728474152,0.4883720930232558,0.16666666666666666,1.9036753937661377,0.028476236496747635,0.9333333333333333,1.0,1.0,30,True,3.5962281777058798,0.0007636585326345324,1748,56.0,0.0032005089953818025,0.6333333333333333,0.9964139907420531,0.4512966476913346,0.16666666666666666,1.0973517519604992,0.13624382800245094,0.6,0.5555555555555556,0.8333333333333334
upper[t-2]>=0.2 & clspos[t-2]<=0.85 & gap[t-3]>=0.2 & close<prev_low,strict,16,True,3.5631829171232163,0.0001480585157771645,944,58.0,0.003598615712615333,1.0,1.478695777976883,0.572294776119403,0.25,1.7076877324435222,0.04384714980595659,1.0,1.0,1.0,16,True,4.119430718140868,0.022611482682033033,953,60.0,0.0024234871788485863,0.6875,1.2700374172838367,0.5083333333333333,0.125,1.0161254289774062,0.15478483059801434,1.0,0.7777777777777778,0.5
body[t-2]<=0.7 & upper[t-2]>=0.2 & gap[t-3]>=0.2 & close<prev_low,strict,16,True,3.363723176283658,0.00025742583145047405,909,56.0,0.0030732204670700612,1.0,1.3859777235653177,0.563508064516129,0.1875,1.592367923117999,0.055651029633701554,1.0,1.0,1.0,16,True,3.899262036505708,0.021305371965330597,912,58.0,0.0030947196968442673,0.6875,1.3072873500545263,0.5172413793103449,0.125,1.0009059189030045,0.15843614736949096,1.0,0.7777777777777778,0.5
opnpos[t-1]<=0.5 & rngrank[t-3]<=0.5 & gap[t-2]<=-0.2 & close<prev_low,open,15,True,5.505258690777015,0.0001277305035304972,375,20.0,0.00629973996901617,1.0,1.7675247508033727,0.6111111111111112,0.2,2.215313532778179,0.013369275810160359,,1.0,1.0,16,True,4.440644191582603,0.030120324312392588,387,21.5,0.0020203901289620324,0.6875,1.4651066738483416,0.5487329434697856,0.125,0.9899113072750931,0.16110873610861692,0.0,0.6666666666666666,0.8333333333333334
opnpos[t-1]<=0.7 & rngrank[t-3]<=0.5 & gap[t-2]<=-0.2 & close<prev_low,strict,16,True,4.666903939411136,9.961652676241075e-06,512,27.5,0.006930995841914105,1.0,1.8385706902371761,0.5941176470588235,0.125,2.3038260965581,0.010616203788896758,1.0,1.0,1.0,16,True,3.6544904842533357,0.03022291043803511,557,32.5,0.003190716695210819,0.5625,1.4007563444827376,0.5411352040816326,0.0625,0.8973043058441906,0.18477827974442562,0.0,0.6666666666666666,0.5
gap[t-1]>=0.2 & gap[t-3]<=0.2 & chg[t-3]<=-0.5 & close>high3,open,15,True,3.417677783930585,0.0017895692178003279,407,23.0,0.004122013330123686,1.0,1.9607016803162378,0.6086956521739131,0.13333333333333333,1.3904914253500524,0.0821898506541604,,1.0,1.0,15,True,6.341901061181997,0.08415074136828399,489,36.0,0.004528358102465185,0.6666666666666666,1.8026892461870343,0.5909090909090909,0.13333333333333333,0.8958042003584027,0.18517867307584246,,0.7777777777777778,0.5
body[t-2]>=0.3 & lower[t-3]>=0.35 & chg[t-3]>=0.5 & close<prev_low,strict,16,True,6.120334278046531,2.500593386694387e-06,279,14.5,0.009624589632710841,1.0,2.7265956490314935,0.7036363636363636,0.25,2.823211602056772,0.0023772590041970915,1.0,1.0,1.0,17,True,5.666813550568675,0.06347621100612837,303,19.0,0.0038685437293483112,0.7058823529411765,1.0324914207986013,0.5,0.058823529411764705,0.88118112186391,0.1891098976963425,1.0,0.7142857142857143,0.5
rngrank[t-1]<=0.5 & gap[t-2]<=-0.2 & bull[t-2]<=0.5 & close<prev_low,strict,16,True,5.17262526802772,7.816282864941503e-06,432,18.5,0.006094590053159597,1.0,1.991475173215055,0.5550595238095238,0.25,2.4560496887491663,0.007023686638749875,1.0,1.0,1.0,15,True,3.6134489860713055,0.037055049050125854,446,24.0,0.0009364423744820967,0.6,1.0301664043904464,0.5,0.26666666666666666,0.8765577016512359,0.19036346117642794,,0.6666666666666666,0.5
gap[t-2]<=-0.2 & gap[t-3]>=-0.2 & chg[t-1]>=-0.5 & close<prev_low,strict,16,True,2.435211303158807,5.766860721606608e-06,729,42.0,0.004098174866813442,1.0,1.7029268927471315,0.5788177339901477,0.25,1.7111922018940207,0.043522818880820685,1.0,1.0,1.0,17,True,4.209030411899599,0.0509108722520727,742,42.0,0.0021201980662897395,0.5882352941176471,1.3456569034303405,0.5128205128205128,0.17647058823529413,0.8140901561080403,0.2077966523815405,0.5,0.7777777777777778,0.3333333333333333
body[t-2]>=0.3 & gap[t-2]<=-0.2 & chg[t-1]>=-0.5 & close<prev_low,strict,16,True,3.0117757415326127,5.1791275889622596e-05,745,40.5,0.005038107716100457,1.0,1.6842289059681863,0.5703125,0.1875,1.684269819658928,0.04606476763110119,1.0,1.0,1.0,16,True,3.2491603414381673,0.038332584861290125,782,43.0,0.0014115733872564061,0.625,1.3508519946175874,0.5380747126436781,0.1875,0.7977928579669785,0.21249535328885377,0.0,0.7777777777777778,0.5
gap[t-1]>=0.0 & gap[t-3]>=0.2 & chg[t-2]<=0.0 & close<prev_low,open,15,True,2.5000336984169866,3.1852323989713735e-08,541,35.0,0.003981492459234599,1.0,1.860986559067242,0.6153846153846154,0.4,2.20785351692863,0.01362724301495395,,1.0,1.0,16,True,3.7296722246834317,0.059536916639988155,447,26.0,0.0006337912897437833,0.5625,1.2004458510125993,0.5310150375939849,0.1875,0.7525412486227434,0.22586281692486476,0.0,0.7777777777777778,0.3333333333333333
rngrank[t-1]<=0.8 & gap[t-3]<=-0.2 & chg[t-2]>=-0.5 & close<prev_low,strict,16,True,3.555812946001363,6.140802848586912e-06,825,46.0,0.004619457613482619,1.0,1.823512463271764,0.5916666666666667,0.125,2.061304074720629,0.01963701986195541,1.0,1.0,1.0,17,True,3.85244752621297,0.05953358146712615,1098,60.0,0.004038192505500697,0.7058823529411765,1.3400602203886884,0.5111111111111111,0.11764705882352941,0.7420048119984,0.22904221005189213,1.0,0.7777777777777778,0.5
opnpos[t-2]>=0.7 & gap[t-1]>=0.2 & gap[t-2]<=0.0 & close<prev_low,open,15,True,5.435347344957368,4.7371070907334247e-07,300,16.0,0.011061311683521056,1.0,1.8721781189748385,0.5714285714285714,0.26666666666666666,2.9509648046694403,0.0015839150583136102,,1.0,1.0,15,True,4.253805795705169,0.08193051594749251,289,16.0,0.003282725355667469,0.6,1.4091980282613663,0.5714285714285714,0.13333333333333333,0.7413881919923784,0.22922905097378699,,0.6666666666666666,0.5
upper[t-2]>=0.2 & upper[t-2]<=0.5 & gap[t-3]>=0.2 & close<prev_low,strict,16,True,3.5516728623057032,7.050940923521245e-06,682,43.0,0.005268761994139588,1.0,1.622766396753362,0.5923255813953487,0.3125,2.0458472110461345,0.02038570271473472,1.0,1.0,1.0,16,True,3.7210074068864887,0.06734030084591947,699,38.5,0.0016186022179258143,0.5625,1.2435728767021312,0.513986013986014,0.125,0.721392880446842,0.2353339128608658,0.0,0.7777777777777778,0.3333333333333333
opnpos[t-3]<=0.5 & rngrank[t-3]<=0.8 & gap[t-2]<=-0.2 & close<prev_low,open,15,True,2.569867355052087,0.0005688636816204435,658,33.0,0.0034546746989277573,1.0,1.7570691942136636,0.5961538461538461,0.2,1.3468951375094953,0.08900700390448008,,1.0,1.0,16,True,2.494874121394949,0.04356126889896413,784,49.0,0.003862425886614361,0.625,1.428049671872551,0.5238095238095237,0.125,0.6755498251210894,0.24966325348947666,0.0,0.8888888888888888,0.3333333333333333
upper[t-2]<=0.2 & gap[t-1]>=0.2 & gap[t-2]<=0.2 & close<prev_low,open,15,True,4.6270000791685595,1.8316080419866136e-06,511,32.0,0.006233452948297384,1.0,2.0256101437462095,0.5806451612903226,0.2,2.5712855302177755,0.005066087557469357,,1.0,1.0,15,True,2.7660054752323924,0.07131908798030519,542,35.0,0.0007204584129982053,0.7333333333333333,1.3639723543632984,0.5111111111111111,0.13333333333333333,0.6295436581990834,0.2644965980237144,,0.6666666666666666,0.8333333333333334
rngrank[t-3]<=0.5 & gap[t-2]<=-0.2 & chg[t-3]>=0.0 & close<prev_low,strict,16,True,3.591278940230956,0.00019079689215062298,498,26.0,0.0028288474577863178,1.0,1.5130216689925646,0.6193181818181819,0.1875,1.6830548240382925,0.04618223938636958,1.0,1.0,1.0,16,True,3.174040612524852,0.08992093249585315,522,33.5,0.002472633352483224,0.625,1.2560782770712742,0.513157894736842,0.0,0.5973837736392583,0.2751255923434574,0.0,0.7777777777777778,0.5
opnpos[t-1]<=0.7 & gap[t-2]<=-0.2 & gap[t-3]>=-0.2 & close<prev_low,strict,16,True,2.9613453940089975,1.0741942928940129e-06,652,35.0,0.007916936758135878,1.0,1.7618986269525863,0.5602564102564103,0.3125,2.0387584389220836,0.02073707106775865,1.0,1.0,1.0,17,True,5.543699450041342,0.1544986726612394,684,39.0,0.0012301109860999,0.5882352941176471,1.1619453196306397,0.5,0.11764705882352941,0.5809469064653816,0.2806381187360271,0.5,0.6666666666666666,0.5
rngrank[t-2]>=0.8 & chg[t-1]>=-0.5 & chg[t-1]<=0.5 & close<prev_low,strict,30,True,3.9609237699929083,6.338061161380568e-10,1328,41.5,0.009112354882578094,0.9666666666666667,1.3583311474276387,0.4928571428571429,0.16666666666666666,2.206124236318782,0.013687651088674655,0.9333333333333333,1.0,1.0,30,True,3.772419877243415,0.07470367828474822,1461,46.5,0.0009747857405801642,0.6333333333333333,0.8771502922754062,0.4284090909090909,0.06666666666666667,0.5112138147679645,0.304600673125213,0.4666666666666667,0.7777777777777778,0.8333333333333334
upper[t-2]>=0.2 & gap[t-1]>=0.0 & chg[t-3]<=-0.5 & close>high3,open,25,True,10.2110143825156,0.0009268816104212432,431,16.0,0.004757801003232049,0.96,1.69282846996943,0.6153846153846154,0.08,1.989314692216255,0.023333239497764103,0.9,1.0,1.0,26,True,13.70691820265838,0.24319589971667038,485,17.5,-0.004170650716940047,0.4230769230769231,1.0200803278093553,0.4494949494949495,0.15384615384615385,0.5053931736375169,0.30664135624472194,0.36363636363636365,0.6666666666666666,0.16666666666666666
clspos[t-1]<=0.7 & opnpos[t-3]<=0.5 & gap[t-2]<=-0.2 & close<prev_low,open,15,True,2.485738951384609,0.00038181637490746975,601,32.0,0.004462213222192444,1.0,1.7550363016060346,0.5789473684210527,0.06666666666666667,1.3700966407846804,0.08532836815621725,,1.0,1.0,16,True,2.3898759134866387,0.09841997322504409,767,47.5,0.0026469304406587946,0.625,1.2295810848392597,0.516025641025641,0.125,0.4987945974254209,0.3089620469874903,0.0,0.8888888888888888,0.3333333333333333
body[t-3]>=0.3 & opnpos[t-2]<=0.3 & gap[t-2]<=-0.2 & close<prev_low,open,15,True,3.7276720600075386,0.0003501979289582542,367,21.0,0.004898669938525859,1.0,1.6999230450929328,0.6,0.13333333333333333,1.6896592787717897,0.04554657900742684,,1.0,1.0,16,True,4.269413020456512,0.17040894527549877,412,25.0,0.0026485070497363344,0.6875,1.3197710617269887,0.49242424242424243,0.0,0.4920532247933349,0.31134085891025964,0.0,0.7777777777777778,0.6666666666666666
opnpos[t-2]>=0.5 & rngrank[t-2]>=0.5 & chg[t-1]>=-0.5 & close<prev_low,strict,30,True,3.7141351872684907,6.486469556602414e-10,1718,56.5,0.008204050343886073,0.9666666666666667,1.3163999368573442,0.5198412698412698,0.2,2.1349838532896075,0.01638116453167712,0.9333333333333333,1.0,1.0,30,True,4.129988714636683,0.09780617609767722,1820,60.5,0.0012916912679294553,0.6,0.9255247007399172,0.4533468559837728,0.06666666666666667,0.4801751133125195,0.31555144065424157,0.5333333333333333,0.4444444444444444,1.0
clspos[t-3]<=0.7 & chg[t-1]>=0.5 & chg[t-3]<=-0.5 & close>high3,strict,28,True,8.26677706496812,1.9302667037230094e-05,568,20.0,0.007731762942692227,1.0,1.6696548193027156,0.5477272727272727,0.14285714285714285,2.236298800132794,0.01266610249963205,1.0,1.0,1.0,30,True,6.1642277015853555,0.14588223866038647,711,20.5,0.0013624620060003765,0.5333333333333333,0.8586340141457085,0.4578804347826087,0.1,0.47788776925372817,0.3163650435156976,0.4666666666666667,0.6666666666666666,0.5
clspos[t-1]<=0.7 & rngrank[t-3]<=0.3 & gap[t-3]<=-0.2 & close>prev_high,open,15,True,6.3306259601424735,0.00029695402935373514,276,15.0,0.013608513826148909,1.0,4.08867769075689,0.6666666666666666,0.06666666666666667,2.2311368646854004,0.012836032245747787,,1.0,1.0,15,True,6.801176632200382,0.25353186305011555,293,17.0,0.0020065449073200198,0.6,1.2790662069657097,0.5333333333333333,0.06666666666666667,0.44671731261447406,0.3275395900390319,,0.6666666666666666,0.5
chg[t-1]>=0.0 & chg[t-1]>=0.5 & chg[t-3]<=-0.5 & close>high3,open,28,True,8.281265472591276,5.022569461664511e-06,620,21.0,0.00841945070634553,0.9642857142857143,1.7983153270045373,0.5532150776053215,0.10714285714285714,2.4016959207406505,0.008159633781541586,1.0,0.8888888888888888,1.0,30,True,6.525906030617701,0.19309382311740336,765,23.0,0.0015217942125270816,0.5333333333333333,0.8586340141457085,0.46906887755102045,0.1,0.40416090090818735,0.3430472017166085,0.4666666666666667,0.6666666666666666,0.5
chg[t-1]>=-0.5 & chg[t-1]>=0.5 & chg[t-3]<=-0.5 & close>high3,open,28,True,8.281265472591276,4.619978840843622e-06,620,21.0,0.00841945070634553,0.9642857142857143,1.7983153270045373,0.5532150776053215,0.14285714285714285,2.4115045930771966,0.007943425873317188,1.0,0.8888888888888888,1.0,30,True,6.525906030617701,0.20388374895362077,765,23.0,0.0015217942125270816,0.5333333333333333,0.8586340141457085,0.46906887755102045,0.1,0.38610042409531714,0.34971114788533847,0.4666666666666667,0.6666666666666666,0.5
lower[t-1]<=0.35 & gap[t-2]<=0.2 & gap[t-3]>=0.2 & close<prev_low,strict,16,True,3.335436251812486,3.7447719412481384e-07,865,55.5,0.0041382352321308906,1.0,1.4995887361977656,0.6066958698372966,0.3125,2.259255164431695,0.01193375856815715,1.0,1.0,1.0,16,True,3.165422799028014,0.2337986177974189,835,51.0,0.0011581316648117553,0.5625,1.105383215042244,0.4910714285714286,0.0625,0.32309344864709344,0.3733122358221961,1.0,0.6666666666666666,0.3333333333333333
clspos[t-1]>=0.3 & chg[t-1]>=0.5 & chg[t-3]<=-0.5 & close>high3,strict,28,True,8.70791459421032,3.271996547530682e-06,585,19.0,0.009546788440654952,1.0,1.9501698092507815,0.5584415584415584,0.14285714285714285,2.5139838658759404,0.005968794750272266,1.0,1.0,1.0,30,True,6.283033584880386,0.25726013986018803,731,22.5,0.0015488807202376153,0.5333333333333333,0.8586340141457085,0.4616477272727273,0.03333333333333333,0.2982968490592975,0.3827383044869035,0.4666666666666667,0.6666666666666666,0.5
body[t-1]<=0.7 & gap[t-2]<=-0.2 & chg[t-2]>=0.0 & close<prev_low,open,15,True,8.589664328799897,3.189134927797035e-05,247,16.0,0.00497975459392125,1.0,1.560660663715219,0.6,0.2,3.025690055338278,0.0012403322373484005,,1.0,1.0,16,True,4.614894534142119,0.3009429978903928,320,20.0,0.0007122540623170368,0.5625,1.1993056327760134,0.5,0.0625,0.28017774860417793,0.38967056865833194,0.0,0.6666666666666666,0.5
body[t-2]>=0.7 & opnpos[t-1]<=0.7 & chg[t-3]>=0.5 & close<prev_low,strict,17,True,9.621782729776932,1.838976072267883e-05,216,9.0,0.009899942659521573,1.0,2.264807968949836,0.6363636363636364,0.17647058823529413,3.1047031307121276,0.0009523504531778498,1.0,1.0,1.0,21,True,8.014212753526044,0.37059847972222304,304,14.0,0.00022880053349647825,0.5238095238095238,1.1449827215544315,0.5,0.047619047619047616,0.20402724783485415,0.4191661030237653,0.5,0.4444444444444444,0.6666666666666666
upper[t-1]>=0.2 & rngrank[t-1]<=0.5 & gap[t-3]>=0.2 & close<prev_low,strict,16,True,3.835686964792699,0.000305044203423545,725,43.0,0.002973328610649418,1.0,1.8213211578735367,0.5662393162393162,0.125,1.6779808796079392,0.04667541586887276,1.0,1.0,1.0,16,True,2.9062879879740278,0.34446543073139047,698,44.5,0.000466868270825782,0.6875,1.2123487164650761,0.5107142857142857,0.0625,0.17060896788600383,0.4322656229821337,0.0,0.8888888888888888,0.5
rngrank[t-3]<=0.8 & chg[t-1]>=0.0 & chg[t-3]<=-0.5 & close>high3,strict,30,True,9.340531190644459,1.5721614297976552e-05,763,22.5,0.006024065070196794,0.9666666666666667,1.5150702759878985,0.5777777777777777,0.1,2.322768299341563,0.010095801461621158,0.9333333333333333,1.0,1.0,30,True,4.782599290781068,0.34177777436525125,874,25.0,-0.00096619074457553,0.4666666666666667,0.9158450262284094,0.45906432748538006,0.03333333333333333,0.16275063450668786,0.43535738893320525,0.6666666666666666,0.4444444444444444,0.0
clspos[t-2]<=0.85 & rngrank[t-1]>=0.3 & chg[t-2]<=-0.5 & close>high3,open,30,True,10.10872685283961,1.1872372067391583e-05,632,20.0,0.004758750431839234,0.9666666666666667,1.5234535674649456,0.4630630630630631,0.16666666666666666,2.453349367505797,0.0070766401366824045,0.9333333333333333,1.0,1.0,30,True,7.026017325706289,0.4682795817861128,727,24.0,0.0017774930019926016,0.5333333333333333,0.9547746024326185,0.4633273703041145,0.0,0.03851954938180819,0.48463672244856815,0.6,0.6666666666666666,0.16666666666666666
rngrank[t-2]>=0.8 & gap[t-1]<=0.2 & chg[t-1]>=-0.5 & close<prev_low,strict,30,True,4.3335221916671145,3.967807969298832e-09,1194,35.5,0.008745755053934861,0.9666666666666667,1.3495089942097955,0.5,0.13333333333333333,2.1929168491900675,0.01415668526416872,0.9333333333333333,1.0,1.0,30,True,3.7208019976975217,0.459042641456833,1293,38.0,-0.0004609389816312903,0.4666666666666667,0.813100997093082,0.43052631578947365,0.03333333333333333,0.036219678898343065,0.48555359739591963,0.4666666666666667,0.3333333333333333,0.6666666666666666
clspos[t-1]<=0.3 & rngrank[t-2]<=0.5 & gap[t-1]<=-0.2 & close>prev_close,strict,16,True,4.866332686994393,1.980548738788319e-06,489,29.5,0.010160605544771058,1.0,2.683278311247749,0.5941176470588235,0.25,2.5442703663298887,0.005475314381871007,1.0,1.0,1.0,18,True,4.57058278921455,0.49694009995372357,527,27.0,-0.0005381870162522018,0.4444444444444444,0.9777379468082507,0.5060975609756098,0.0,0.003865013098385665,0.49845808669968356,1.0,0.3333333333333333,0.3333333333333333
gap[t-3]<=-0.2 & chg[t-1]>=0.5 & chg[t-3]<=-0.5 & close>prev_high,open,15,True,3.345510225331623,0.008835047208197552,339,16.0,0.002579743197071451,1.0,2.0938260735236005,0.5714285714285714,0.06666666666666667,1.120429102452397,0.13126547451863158,,1.0,1.0,15,True,5.928622506310331,0.49791446864534017,406,23.0,-0.0007684448759493617,0.4666666666666667,0.824455122392566,0.4883720930232558,0.0,0.003286547439869105,0.49868885963004883,,0.4444444444444444,0.5
rngrank[t-3]<=0.8 & gap[t-1]<=-0.2 & bull[t-2]<=0.5 & close>prev_close,strict,16,True,4.144912915775557,0.0004735561156494968,1202,73.0,0.002978548491934396,1.0,1.6658181292062464,0.6045265414197453,0.0,1.682566071223726,0.04622956221687999,1.0,1.0,1.0,17,True,3.5120025479609995,0.5062072800936716,1268,68.0,0.0005292040472167263,0.5294117647058824,1.027695060957516,0.5147058823529411,0.0,-0.007072317538588265,0.5028214229663782,0.0,0.4444444444444444,0.8333333333333334
clspos[t-1]>=0.3 & chg[t-1]>=0.0 & chg[t-3]<=-0.5 & close>high3,strict,30,True,7.073013131387692,1.4258793897155475e-05,971,30.0,0.00496541344115752,0.9666666666666667,1.4028882765540853,0.5227716330513988,0.06666666666666667,2.0320587456180927,0.021073854572520808,1.0,0.8888888888888888,1.0,30,True,4.657863985702717,0.544812673041793,1087,36.0,-0.0002741430873550519,0.43333333333333335,0.7874466022114706,0.41300602928509905,0.06666666666666667,-0.044354730879638066,0.5176891771829834,0.4666666666666667,0.4444444444444444,0.3333333333333333
clspos[t-3]>=0.85 & rngrank[t-3]<=0.3 & chg[t-2]<=0.0 & close>prev_high,open,20,True,14.572059197973077,0.014480081283473327,216,11.0,0.007552375942678362,0.95,1.7911967867213918,0.5727272727272728,0.05,1.8642482472369932,0.03114342540319327,1.0,1.0,0.75,22,True,10.331907218579383,0.5340696817456428,248,11.0,-0.0004976882038895253,0.5,0.8083675871461422,0.44155844155844154,0.09090909090909091,-0.058595713336001054,0.5233629374597071,0.4444444444444444,0.5,0.6
body[t-3]>=0.5 & gap[t-2]<=0.0 & gap[t-3]>=0.2 & close<prev_low,open,15,True,3.642485756085976,1.3190409929842291e-05,444,26.0,0.0074397635408952785,1.0,1.9653752831563678,0.6521739130434783,0.13333333333333333,2.0709830079835156,0.019180192007389955,,1.0,1.0,16,True,3.918146087052528,0.584153006325708,478,28.0,-0.00013394450612907614,0.5,0.9592676590336053,0.4813793103448276,0.0625,-0.10517184309343305,0.5418802736274968,1.0,0.4444444444444444,0.5
rngrank[t-1]<=0.5 & rngrank[t-2]>=0.8 & bull[t-1]<=0.5 & close<prev_low,open,20,True,20.0,0.0001332044648132298,255,11.0,0.007566293690861024,0.95,1.904748996078621,0.5789473684210527,0.15,3.645946956289457,0.0001332044648132298,1.0,1.0,0.8333333333333334,29,True,13.874842395807015,0.5832198232181521,412,14.0,-0.0011971889123480349,0.4482758620689655,1.1021264214233448,0.4444444444444444,0.034482758620689655,-0.14535119393628984,0.5577832015311377,0.2857142857142857,0.6666666666666666,0.5
rngrank[t-2]<=0.5 & gap[t-2]<=-0.2 & gap[t-3]<=0.0 & close>prev_close,strict,16,True,5.737932329873049,0.001670928019959554,619,33.5,0.0050805410873783294,1.0,2.07329408341773,0.5927518427518428,0.1875,1.7572683239409734,0.03943604214130552,1.0,1.0,1.0,15,True,2.378386831323785,0.7042089141567234,719,45.0,-0.001123879544699542,0.4,0.9502937107382887,0.5102040816326531,0.06666666666666667,-0.2136493135573984,0.5845897297477586,,0.4444444444444444,0.3333333333333333
clspos[t-1]<=0.5 & rngrank[t-2]<=0.5 & gap[t-1]<=-0.2 & close>prev_close,strict,16,True,4.205238712405097,4.989447088088018e-07,776,45.0,0.005960351967074619,1.0,1.9961281414637955,0.5580808080808081,0.1875,2.507994603703527,0.006070926070073041,1.0,1.0,1.0,19,True,5.593599464529887,0.6701933803873289,865,46.0,9.808891448240525e-05,0.5263157894736842,0.8608271417938398,0.4528301886792453,0.0,-0.2389806534989346,0.5944397077907402,1.0,0.4444444444444444,0.3333333333333333
upper[t-2]>=0.35 & rngrank[t-2]<=0.8 & gap[t-3]<=-0.2 & close>prev_high,open,15,True,5.209874962194916,0.009410334724750011,435,27.0,0.005801578024653645,1.0,1.67002256236157,0.6,0.06666666666666667,1.3844041020799043,0.08311737679830555,,1.0,1.0,15,True,3.967531685059266,0.6856191407168378,470,31.0,-0.0029866243651809217,0.4,0.9677462508525196,0.5,0.0,-0.24864774785221258,0.5981833646589472,,0.4444444444444444,0.3333333333333333
upper[t-2]>=0.35 & rngrank[t-1]<=0.8 & gap[t-3]<=-0.2 & close>prev_high,open,15,True,4.860642531413839,0.0005409629326597874,414,26.0,0.0076878455945505325,1.0,2.0305083653075027,0.5909090909090909,0.06666666666666667,1.8604764560483005,0.031409073223980996,,1.0,1.0,15,True,3.414795095296037,0.720870041797911,451,30.0,-0.0008050156386349896,0.3333333333333333,1.016841380340209,0.5,0.06666666666666667,-0.2793252782194569,0.6100023956043104,,0.4444444444444444,0.16666666666666666
rngrank[t-1]<=0.8 & gap[t-1]<=-0.2 & gap[t-2]<=0.0,strict,16,True,4.1511953447260685,0.00010710401018491712,1920,116.0,0.0036619091834102736,1.0,1.6873289192860472,0.5683643089137496,0.1875,1.8854764185904742,0.029682772626342176,1.0,1.0,1.0,21,True,5.548485596434052,0.7403562451049015,2420,129.0,0.00032895113282111615,0.5714285714285714,0.9798390402229574,0.4786729857819905,0.0,-0.3312552889519816,0.6297741696172794,0.5,0.5555555555555556,0.6666666666666666
upper[t-2]>=0.35 & rngrank[t-3]<=0.8 & chg[t-3]<=-0.5 & close>high3,strict,16,True,12.672219784734548,0.0022416148719348818,196,10.5,0.0058590992254034914,1.0,1.914503215130071,0.5894736842105264,0.0625,2.5292371654888597,0.005715537760515588,1.0,1.0,1.0,21,True,8.454236471775973,0.7443162848478947,277,12.0,-0.0005807218975123333,0.47619047619047616,0.9104228845017671,0.45454545454545453,0.047619047619047616,-0.4166785555137889,0.6615432290902853,0.5714285714285714,0.5,0.3333333333333333
clspos[t-2]<=0.7 & gap[t-1]>=-0.2 & gap[t-3]<=-0.2 & close>high3,open,15,True,2.9664696133862334,0.0008946474445200999,524,34.0,0.003975839539203486,1.0,1.6437028835571317,0.6285714285714286,0.13333333333333333,1.3888856464730353,0.08243376293427002,,1.0,1.0,15,True,2.4344463374897467,0.9029825533524387,590,37.0,-0.0032473360616539194,0.3333333333333333,1.1037294003183231,0.5135135135135135,0.06666666666666667,-0.5232087677491358,0.6995855096731569,,0.4444444444444444,0.16666666666666666
body[t-2]<=0.3 & chg[t-1]>=0.5 & chg[t-3]<=-0.5 & close>prev_high,open,19,True,11.095252792905487,0.0004526244411154689,230,10.0,0.010833848658508168,0.9473684210526315,1.7297171878368247,0.5555555555555556,0.05263157894736842,2.535855543151642,0.005608649779247105,0.875,1.0,1.0,24,True,9.130046432104033,0.8101943924382266,314,12.0,0.001752603063982164,0.5,1.0087436137666768,0.45555555555555555,0.041666666666666664,-0.5419115817828584,0.7060602911061225,0.5,0.625,0.3333333333333333
rngrank[t-3]<=0.5 & gap[t-3]<=-0.2 & bull[t-2]<=0.5 & close>prev_high,open,15,True,4.635177581311818,0.0015623463130540526,414,24.0,0.005913138388551708,1.0,1.7754474602632502,0.625,0.06666666666666667,1.6427596413241659,0.050216336741079635,,1.0,1.0,15,True,2.674217825342073,0.9004749671930093,492,27.0,-0.0020569949957732554,0.3333333333333333,0.8095728346215049,0.45454545454545453,0.06666666666666667,-0.5422588108063414,0.7061798869218681,,0.4444444444444444,0.16666666666666666
body[t-2]<=0.3 & lower[t-2]<=0.5 & chg[t-1]<=-0.5 & close>prev_high,strict,16,True,13.293759774127661,0.003947332884548832,220,11.0,0.007955094945702464,1.0,1.5356938389370498,0.4891304347826087,0.0625,2.4214782892738396,0.007728762175255694,1.0,1.0,1.0,20,True,11.199291186872118,0.8031796925120416,274,11.5,-0.009413256432710786,0.45,0.7135707322877654,0.4222222222222222,0.1,-0.6383317704858018,0.7383711325065363,0.3333333333333333,0.375,0.6666666666666666
upper[t-3]>=0.2 & gap[t-3]<=0.0 & chg[t-2]<=-0.5 & close>high3,open,19,True,12.485187184017429,1.1714199688769344e-06,201,10.0,0.013040139596445071,0.9473684210526315,1.893773390075528,0.6,0.21052631578947367,3.8272510936486195,6.479115550077237e-05,0.9090909090909091,1.0,1.0,21,True,12.732468753835995,0.9749579159005262,271,13.0,-0.003218184173814951,0.2857142857142857,0.6470515185470757,0.36363636363636365,0.0,-1.5255810408036488,0.9364428816277017,0.375,0.2857142857142857,0.16666666666666666
clspos[t-1]>=0.7 & rngrank[t-3]<=0.3 & gap[t-1]<=-0.2 & close>prev_high,open,15,True,5.082755965716797,0.01201379279992196,288,19.0,0.0036877833346932055,1.0,1.6489018176855637,0.6,0.06666666666666667,1.313637366716981,0.09448413383827264,,1.0,1.0,15,True,4.9194737317077495,0.9986232665694166,261,16.0,-0.0062407570689662645,0.13333333333333333,0.7209619899088863,0.4666666666666667,0.0,-1.714610070832172,0.9567916294507253,,0.1111111111111111,0.16666666666666666
